id,name,productCount,subtreeProductCount,parent,numChildren,pathName,children,alsoCount,also
0,root,0,59887,0,1,[],[1],0,[]
1,Movies & TV,0,59887,0,68,['Movies & TV'],"[2, 3, 6, 9, 13, 16, 19, 22, 23, 24, 29, 37, 45, 47, 52, 54, 57, 60, 65, 67, 75, 85, 98, 107, 111, 113, 119, 131, 136, 137, 142, 144, 163, 168, 181, 193, 198, 212, 231, 251, 257, 263, 265, 315, 319, 378, 417, 422, 434, 437, 451, 454, 473, 478, 501, 512, 514, 527, 531, 536, 589, 591, 595, 601, 602, 606, 615, 622]",0,[]
2,Movies,4576,4576,1,0,"['Movies & TV', 'Movies']",[],0,[]
3,Genre for Featured Categories,10,24933,1,27,"['Movies & TV', 'Genre for Featured Categories']","[4, 5, 8, 18, 32, 33, 34, 35, 36, 40, 43, 50, 51, 56, 103, 121, 174, 187, 201, 253, 255, 256, 327, 379, 456, 542, 609]",0,[]
4,Exercise & Fitness,1253,1253,3,0,"['Movies & TV', 'Genre for Featured Categories', 'Exercise & Fitness']",[],0,[]
5,Faith & Spirituality,235,235,3,0,"['Movies & TV', 'Genre for Featured Categories', 'Faith & Spirituality']",[],0,[]
6,Christian Video,0,166,1,9,"['Movies & TV', 'Christian Video']","[7, 12, 21, 179, 180, 186, 280, 283, 389]",0,[]
7,Bible,41,41,6,0,"['Movies & TV', 'Christian Video', 'Bible']",[],0,[]
8,Documentary,2838,2838,3,0,"['Movies & TV', 'Genre for Featured Categories', 'Documentary']",[],0,[]
9,Art House & International,39,2116,1,3,"['Movies & TV', 'Art House & International']","[10, 62, 215]",0,[]
10,By Original Language,0,483,9,17,"['Movies & TV', 'Art House & International', 'By Original Language']","[11, 185, 199, 218, 245, 260, 261, 279, 281, 331, 338, 392, 393, 405, 481, 484, 500]",0,[]
11,Spanish,29,29,10,0,"['Movies & TV', 'Art House & International', 'By Original Language', 'Spanish']",[],0,[]
12,General,15,15,6,0,"['Movies & TV', 'Christian Video', 'General']",[],0,[]
13,Studio Specials,28,10141,1,15,"['Movies & TV', 'Studio Specials']","[14, 27, 71, 105, 117, 134, 156, 172, 219, 234, 356, 384, 467, 519, 570]",0,[]
14,Warner Home Video,0,2618,13,6,"['Movies & TV', 'Studio Specials', 'Warner Home Video']","[15, 96, 151, 562, 586, 626]",0,[]
15,All Titles,2300,2300,14,0,"['Movies & TV', 'Studio Specials', 'Warner Home Video', 'All Titles']",[],0,[]
16,Independently Distributed,1,3837,1,12,"['Movies & TV', 'Independently Distributed']","[17, 39, 41, 42, 183, 184, 188, 190, 191, 195, 295, 490]",0,[]
17,Documentary,820,820,16,0,"['Movies & TV', 'Independently Distributed', 'Documentary']",[],0,[]
18,Kids & Family,2719,2719,3,0,"['Movies & TV', 'Genre for Featured Categories', 'Kids & Family']",[],0,[]
19,Fully Loaded DVDs,0,579,1,7,"['Movies & TV', 'Fully Loaded DVDs']","[20, 192, 480, 518, 538, 543, 575]",0,[]
20,Special Editions,111,111,19,0,"['Movies & TV', 'Fully Loaded DVDs', 'Special Editions']",[],0,[]
21,Easter,11,11,6,0,"['Movies & TV', 'Christian Video', 'Easter']",[],0,[]
22,TV,243,243,1,0,"['Movies & TV', 'TV']",[],0,[]
23,Educational,48,48,1,0,"['Movies & TV', 'Educational']",[],0,[]
24,Musicals & Performing Arts,30,1999,1,6,"['Movies & TV', 'Musicals & Performing Arts']","[25, 26, 44, 205, 441, 551]",0,[]
25,Musicals,692,692,24,0,"['Movies & TV', 'Musicals & Performing Arts', 'Musicals']",[],0,[]
26,Ballet & Dance,241,241,24,0,"['Movies & TV', 'Musicals & Performing Arts', 'Ballet & Dance']",[],0,[]
27,Sony Pictures Home Entertainment,0,2208,13,3,"['Movies & TV', 'Studio Specials', 'Sony Pictures Home Entertainment']","[28, 69, 189]",0,[]
28,All Sony Pictures Titles,2153,2153,27,0,"['Movies & TV', 'Studio Specials', 'Sony Pictures Home Entertainment', 'All Sony Pictures Titles']",[],0,[]
29,Science Fiction & Fantasy,138,3672,1,2,"['Movies & TV', 'Science Fiction & Fantasy']","[30, 91]",0,[]
30,Science Fiction,150,3227,29,11,"['Movies & TV', 'Science Fiction & Fantasy', 'Science Fiction']","[31, 74, 122, 125, 129, 147, 148, 177, 238, 427, 443]",0,[]
31,Animation,2428,2428,30,0,"['Movies & TV', 'Science Fiction & Fantasy', 'Science Fiction', 'Animation']",[],0,[]
32,Romance,120,120,3,0,"['Movies & TV', 'Genre for Featured Categories', 'Romance']",[],0,[]
33,Drama,3510,3510,3,0,"['Movies & TV', 'Genre for Featured Categories', 'Drama']",[],0,[]
34,Action & Adventure,4545,4545,3,0,"['Movies & TV', 'Genre for Featured Categories', 'Action & Adventure']",[],0,[]
35,Comedy,2814,2814,3,0,"['Movies & TV', 'Genre for Featured Categories', 'Comedy']",[],0,[]
36,Performing Arts,13,13,3,0,"['Movies & TV', 'Genre for Featured Categories', 'Performing Arts']",[],0,[]
37,BBC,0,196,1,1,"['Movies & TV', 'BBC']",[38],0,[]
38,All BBC Titles,196,196,37,0,"['Movies & TV', 'BBC', 'All BBC Titles']",[],0,[]
39,Drama,601,601,16,0,"['Movies & TV', 'Independently Distributed', 'Drama']",[],0,[]
40,Special Interests,1445,1445,3,0,"['Movies & TV', 'Genre for Featured Categories', 'Special Interests']",[],0,[]
41,Kids & Family,439,439,16,0,"['Movies & TV', 'Independently Distributed', 'Kids & Family']",[],0,[]
42,Art House & International,191,191,16,0,"['Movies & TV', 'Independently Distributed', 'Art House & International']",[],0,[]
43,Anime & Manga,878,878,3,0,"['Movies & TV', 'Genre for Featured Categories', 'Anime & Manga']",[],0,[]
44,Classical,731,731,24,0,"['Movies & TV', 'Musicals & Performing Arts', 'Classical']",[],0,[]
45,Blu-ray,0,14,1,2,"['Movies & TV', 'Blu-ray']","[46, 252]",0,[]
46,TV,5,5,45,0,"['Movies & TV', 'Blu-ray', 'TV']",[],0,[]
47,Music Artists,6,565,1,98,"['Movies & TV', 'Music Artists']","[48, 154, 155, 202, 228, 233, 246, 249, 262, 269, 276, 282, 287, 292, 294, 301, 311, 314, 326, 328, 329, 330, 334, 339, 343, 359, 360, 364, 368, 372, 376, 386, 395, 396, 402, 410, 421, 425, 429, 430, 431, 435, 438, 444, 446, 459, 463, 464, 469, 470, 475, 476, 477, 482, 483, 485, 486, 487, 488, 489, 496, 497, 504, 506, 513, 517, 520, 521, 522, 523, 525, 526, 529, 530, 533, 534, 535, 553, 554, 558, 559, 560, 561, 564, 573, 574, 577, 579, 581, 582, 584, 585, 587, 588, 592, 593, 611, 613]",0,[]
48,The Beatles,0,48,47,4,"['Movies & TV', 'Music Artists', 'The Beatles']","[49, 303, 426, 442]",0,[]
49,Ringo Starr,16,16,48,0,"['Movies & TV', 'Music Artists', 'The Beatles', 'Ringo Starr']",[],0,[]
50,Music Videos & Concerts,976,976,3,0,"['Movies & TV', 'Genre for Featured Categories', 'Music Videos & Concerts']",[],0,[]
51,Sports,1248,1248,3,0,"['Movies & TV', 'Genre for Featured Categories', 'Sports']",[],0,[]
52,Widescreen,0,83,1,11,"['Movies & TV', 'Widescreen']","[53, 209, 236, 285, 342, 347, 361, 377, 414, 436, 492]",0,[]
53,Comedy,4,4,52,0,"['Movies & TV', 'Widescreen', 'Comedy']",[],0,[]
54,Cult Movies,1,261,1,12,"['Movies & TV', 'Cult Movies']","[55, 84, 93, 200, 237, 272, 306, 337, 369, 400, 503, 616]",0,[]
55,Sci-Fi & Fantasy,26,26,54,0,"['Movies & TV', 'Cult Movies', 'Sci-Fi & Fantasy']",[],0,[]
56,Westerns,357,357,3,0,"['Movies & TV', 'Genre for Featured Categories', 'Westerns']",[],0,[]
57,Boxed Sets,0,1518,1,20,"['Movies & TV', 'Boxed Sets']","[58, 59, 66, 79, 80, 95, 109, 130, 224, 227, 312, 317, 332, 367, 373, 387, 388, 390, 563, 608]",0,[]
58,Mystery & Suspense,37,37,57,0,"['Movies & TV', 'Boxed Sets', 'Mystery & Suspense']",[],0,[]
59,Art House & International,37,37,57,0,"['Movies & TV', 'Boxed Sets', 'Art House & International']",[],0,[]
60,Yoga,0,241,1,6,"['Movies & TV', 'Yoga']","[61, 196, 223, 288, 302, 335]",0,[]
61,General,134,134,60,0,"['Movies & TV', 'Yoga', 'General']",[],0,[]
62,By Country,0,1503,9,30,"['Movies & TV', 'Art House & International', 'By Country']","[63, 82, 87, 88, 92, 104, 128, 211, 214, 217, 229, 271, 275, 284, 286, 293, 296, 299, 308, 309, 318, 322, 345, 350, 354, 357, 371, 374, 415, 494]",0,[]
63,United Kingdom,79,411,62,5,"['Movies & TV', 'Art House & International', 'By Country', 'United Kingdom']","[64, 100, 165, 171, 382]",0,[]
64,Drama,172,172,63,0,"['Movies & TV', 'Art House & International', 'By Country', 'United Kingdom', 'Drama']",[],0,[]
65,Christian Movies & TV,42,42,1,0,"['Movies & TV', 'Christian Movies & TV']",[],0,[]
66,Television,91,91,57,0,"['Movies & TV', 'Boxed Sets', 'Television']",[],0,[]
67,A&E Home Video,0,697,1,4,"['Movies & TV', 'A&E Home Video']","[68, 511, 612, 619]",0,[]
68,All A&E Titles,681,681,67,0,"['Movies & TV', 'A&E Home Video', 'All A&E Titles']",[],0,[]
69,Sony Pictures Classics,0,51,27,6,"['Movies & TV', 'Studio Specials', 'Sony Pictures Home Entertainment', 'Sony Pictures Classics']","[70, 78, 546, 557, 594, 605]",0,[]
70,All Sony Pictures Classics,40,40,69,0,"['Movies & TV', 'Studio Specials', 'Sony Pictures Home Entertainment', 'Sony Pictures Classics', 'All Sony Pictures Classics']",[],0,[]
71,20th Century Fox Home Entertainment,0,1582,13,9,"['Movies & TV', 'Studio Specials', '20th Century Fox Home Entertainment']","[72, 158, 159, 166, 175, 273, 509, 556, 610]",0,[]
72,Musicals,0,88,71,1,"['Movies & TV', 'Studio Specials', '20th Century Fox Home Entertainment', 'Musicals']",[73],0,[]
73,General,88,88,72,0,"['Movies & TV', 'Studio Specials', '20th Century Fox Home Entertainment', 'Musicals', 'General']",[],0,[]
74,Futuristic,46,46,30,0,"['Movies & TV', 'Science Fiction & Fantasy', 'Science Fiction', 'Futuristic']",[],0,[]
75,Spanish Language,0,37,1,8,"['Movies & TV', 'Spanish Language']","[76, 365, 416, 440, 449, 450, 453, 507]",0,[]
76,Infantil y familiar,0,18,75,3,"['Movies & TV', 'Spanish Language', 'Infantil y familiar']","[77, 348, 600]",0,[]
77,Feature Films,14,14,76,0,"['Movies & TV', 'Spanish Language', 'Infantil y familiar', 'Feature Films']",[],0,[]
78,Drama,3,3,69,0,"['Movies & TV', 'Studio Specials', 'Sony Pictures Home Entertainment', 'Sony Pictures Classics', 'Drama']",[],0,[]
79,Action & Adventure,158,158,57,0,"['Movies & TV', 'Boxed Sets', 'Action & Adventure']",[],0,[]
80,Special Interests,49,172,57,11,"['Movies & TV', 'Boxed Sets', 'Special Interests']","[81, 208, 244, 250, 307, 349, 351, 404, 439, 445, 461]",0,[]
81,Art & Artists,8,8,80,0,"['Movies & TV', 'Boxed Sets', 'Special Interests', 'Art & Artists']",[],0,[]
82,Japan,9,104,62,4,"['Movies & TV', 'Art House & International', 'By Country', 'Japan']","[83, 90, 207, 240]",0,[]
83,Action & Adventure,40,40,82,0,"['Movies & TV', 'Art House & International', 'By Country', 'Japan', 'Action & Adventure']",[],0,[]
84,Drama,19,19,54,0,"['Movies & TV', 'Cult Movies', 'Drama']",[],0,[]
85,Criterion Collection,0,71,1,1,"['Movies & TV', 'Criterion Collection']",[86],0,[]
86,All,71,71,85,0,"['Movies & TV', 'Criterion Collection', 'All']",[],0,[]
87,Sweden,29,29,62,0,"['Movies & TV', 'Art House & International', 'By Country', 'Sweden']",[],0,[]
88,France,89,281,62,4,"['Movies & TV', 'Art House & International', 'By Country', 'France']","[89, 210, 213, 221]",0,[]
89,Drama,77,77,88,0,"['Movies & TV', 'Art House & International', 'By Country', 'France', 'Drama']",[],0,[]
90,Classics,31,31,82,0,"['Movies & TV', 'Art House & International', 'By Country', 'Japan', 'Classics']",[],0,[]
91,Fantasy,307,307,29,0,"['Movies & TV', 'Science Fiction & Fantasy', 'Fantasy']",[],0,[]
92,Germany,29,59,62,3,"['Movies & TV', 'Art House & International', 'By Country', 'Germany']","[94, 161, 321]",0,[]
93,International,5,5,54,0,"['Movies & TV', 'Cult Movies', 'International']",[],0,[]
94,Classics,6,6,92,0,"['Movies & TV', 'Art House & International', 'By Country', 'Germany', 'Classics']",[],0,[]
95,Documentary,312,312,57,0,"['Movies & TV', 'Boxed Sets', 'Documentary']",[],0,[]
96,Warner Video Bargains,0,302,14,13,"['Movies & TV', 'Studio Specials', 'Warner Home Video', 'Warner Video Bargains']","[97, 101, 102, 115, 116, 149, 150, 222, 298, 304, 333, 355, 394]",0,[]
97,Comedy,54,54,96,0,"['Movies & TV', 'Studio Specials', 'Warner Home Video', 'Warner Video Bargains', 'Comedy']",[],0,[]
98,PBS,0,398,1,2,"['Movies & TV', 'PBS']","[99, 248]",0,[]
99,All,314,314,98,0,"['Movies & TV', 'PBS', 'All']",[],0,[]
100,Comedy,103,103,63,0,"['Movies & TV', 'Art House & International', 'By Country', 'United Kingdom', 'Comedy']",[],0,[]
101,Westerns,7,7,96,0,"['Movies & TV', 'Studio Specials', 'Warner Home Video', 'Warner Video Bargains', 'Westerns']",[],0,[]
102,Drama,53,53,96,0,"['Movies & TV', 'Studio Specials', 'Warner Home Video', 'Warner Video Bargains', 'Drama']",[],0,[]
103,Horror,1051,1051,3,0,"['Movies & TV', 'Genre for Featured Categories', 'Horror']",[],0,[]
104,Hong Kong,120,187,62,4,"['Movies & TV', 'Art House & International', 'By Country', 'Hong Kong']","[254, 358, 375, 433]",0,[]
105,Lionsgate Home Entertainment,0,1696,13,7,"['Movies & TV', 'Studio Specials', 'Lionsgate Home Entertainment']","[106, 110, 126, 127, 242, 406, 583]",0,[]
106,All Lionsgate Titles,1445,1445,105,0,"['Movies & TV', 'Studio Specials', 'Lionsgate Home Entertainment', 'All Lionsgate Titles']",[],0,[]
107,John Wayne Store,5,52,1,1,"['Movies & TV', 'John Wayne Store']",[108],0,[]
108,All Titles,47,47,107,0,"['Movies & TV', 'John Wayne Store', 'All Titles']",[],0,[]
109,Classics,59,59,57,0,"['Movies & TV', 'Boxed Sets', 'Classics']",[],0,[]
110,Lionsgate DVDs Under $10,3,3,105,0,"['Movies & TV', 'Studio Specials', 'Lionsgate Home Entertainment', 'Lionsgate DVDs Under $10']",[],0,[]
111,Paramount Home Entertainment,13,1021,1,6,"['Movies & TV', 'Paramount Home Entertainment']","[112, 123, 124, 152, 153, 203]",0,[]
112,Drama,189,189,111,0,"['Movies & TV', 'Paramount Home Entertainment', 'Drama']",[],0,[]
113,HBO,1,270,1,1,"['Movies & TV', 'HBO']",[114],0,[]
114,All HBO Titles,269,269,113,0,"['Movies & TV', 'HBO', 'All HBO Titles']",[],0,[]
115,Action & Adventure,45,45,96,0,"['Movies & TV', 'Studio Specials', 'Warner Home Video', 'Warner Video Bargains', 'Action & Adventure']",[],0,[]
116,Kids & Family,88,88,96,0,"['Movies & TV', 'Studio Specials', 'Warner Home Video', 'Warner Video Bargains', 'Kids & Family']",[],0,[]
117,Universal Studios Home Entertainment,0,929,13,1,"['Movies & TV', 'Studio Specials', 'Universal Studios Home Entertainment']",[118],0,[]
118,All Universal Studios Titles,929,929,117,0,"['Movies & TV', 'Studio Specials', 'Universal Studios Home Entertainment', 'All Universal Studios Titles']",[],0,[]
119,African American Cinema,5,23,1,4,"['Movies & TV', 'African American Cinema']","[120, 243, 352, 383]",0,[]
120,Drama,2,2,119,0,"['Movies & TV', 'African American Cinema', 'Drama']",[],0,[]
121,Mystery & Thrillers,266,266,3,0,"['Movies & TV', 'Genre for Featured Categories', 'Mystery & Thrillers']",[],0,[]
122,Alien Invasion,45,45,30,0,"['Movies & TV', 'Science Fiction & Fantasy', 'Science Fiction', 'Alien Invasion']",[],0,[]
123,DreamWorks,8,8,111,0,"['Movies & TV', 'Paramount Home Entertainment', 'DreamWorks']",[],0,[]
124,Comedy,225,225,111,0,"['Movies & TV', 'Paramount Home Entertainment', 'Comedy']",[],0,[]
125,Classics,284,284,30,0,"['Movies & TV', 'Science Fiction & Fantasy', 'Science Fiction', 'Classics']",[],0,[]
126,Lionsgate DVDs Under $15,11,11,105,0,"['Movies & TV', 'Studio Specials', 'Lionsgate Home Entertainment', 'Lionsgate DVDs Under $15']",[],0,[]
127,Top Sellers,216,216,105,0,"['Movies & TV', 'Studio Specials', 'Lionsgate Home Entertainment', 'Top Sellers']",[],0,[]
128,Ireland,5,5,62,0,"['Movies & TV', 'Art House & International', 'By Country', 'Ireland']",[],0,[]
129,Robots & Androids,21,21,30,0,"['Movies & TV', 'Science Fiction & Fantasy', 'Science Fiction', 'Robots & Androids']",[],0,[]
130,Comedy,174,174,57,0,"['Movies & TV', 'Boxed Sets', 'Comedy']",[],0,[]
131,Disney Home Video,0,253,1,7,"['Movies & TV', 'Disney Home Video']","[132, 140, 225, 277, 366, 370, 399]",0,[]
132,By Age,0,127,131,3,"['Movies & TV', 'Disney Home Video', 'By Age']","[133, 305, 323]",0,[]
133,3-6 Years,56,56,132,0,"['Movies & TV', 'Disney Home Video', 'By Age', '3-6 Years']",[],0,[]
134,Miramax Home Entertainment,0,222,13,3,"['Movies & TV', 'Studio Specials', 'Miramax Home Entertainment']","[135, 204, 452]",0,[]
135,Oscar Collection,1,1,134,0,"['Movies & TV', 'Studio Specials', 'Miramax Home Entertainment', 'Oscar Collection']",[],0,[]
136,3-6 Years,63,63,1,0,"['Movies & TV', '3-6 Years']",[],0,[]
137,Walt Disney Studios Home Entertainment,2,236,1,3,"['Movies & TV', 'Walt Disney Studios Home Entertainment']","[138, 139, 457]",0,[]
138,Animated Movies,1,1,137,0,"['Movies & TV', 'Walt Disney Studios Home Entertainment', 'Animated Movies']",[],0,[]
139,All Disney Titles,226,226,137,0,"['Movies & TV', 'Walt Disney Studios Home Entertainment', 'All Disney Titles']",[],0,[]
140,Animated Characters,0,34,131,1,"['Movies & TV', 'Disney Home Video', 'Animated Characters']",[141],0,[]
141,All Titles,34,34,140,0,"['Movies & TV', 'Disney Home Video', 'Animated Characters', 'All Titles']",[],0,[]
142,Holidays & Seasonal,0,157,1,1,"['Movies & TV', 'Holidays & Seasonal']",[143],0,[]
143,Christmas,126,157,142,6,"['Movies & TV', 'Holidays & Seasonal', 'Christmas']","[178, 491, 493, 547, 597, 614]",0,[]
144,Characters & Series,0,72,1,5,"['Movies & TV', 'Characters & Series']","[145, 479, 498, 539, 544]",0,[]
145,Mary-Kate & Ashley,0,38,144,1,"['Movies & TV', 'Characters & Series', 'Mary-Kate & Ashley']",[146],0,[]
146,All Titles,38,38,145,0,"['Movies & TV', 'Characters & Series', 'Mary-Kate & Ashley', 'All Titles']",[],0,[]
147,Sci-Fi Action,70,70,30,0,"['Movies & TV', 'Science Fiction & Fantasy', 'Science Fiction', 'Sci-Fi Action']",[],0,[]
148,Aliens,64,64,30,0,"['Movies & TV', 'Science Fiction & Fantasy', 'Science Fiction', 'Aliens']",[],0,[]
149,Horror,5,5,96,0,"['Movies & TV', 'Studio Specials', 'Warner Home Video', 'Warner Video Bargains', 'Horror']",[],0,[]
150,Musicals,3,3,96,0,"['Movies & TV', 'Studio Specials', 'Warner Home Video', 'Warner Video Bargains', 'Musicals']",[],0,[]
151,Classics,1,1,14,0,"['Movies & TV', 'Studio Specials', 'Warner Home Video', 'Classics']",[],0,[]
152,Action & Adventure,401,401,111,0,"['Movies & TV', 'Paramount Home Entertainment', 'Action & Adventure']",[],0,[]
153,Classics,168,168,111,0,"['Movies & TV', 'Paramount Home Entertainment', 'Classics']",[],0,[]
154,"Presley, Elvis",33,33,47,0,"['Movies & TV', 'Music Artists', 'Presley, Elvis']",[],0,[]
155,"Manilow, Barry",8,8,47,0,"['Movies & TV', 'Music Artists', 'Manilow, Barry']",[],0,[]
156,MGM Home Entertainment,0,711,13,6,"['Movies & TV', 'Studio Specials', 'MGM Home Entertainment']","[157, 162, 403, 412, 420, 495]",0,[]
157,All MGM Titles,703,703,156,0,"['Movies & TV', 'Studio Specials', 'MGM Home Entertainment', 'All MGM Titles']",[],0,[]
158,All Fox Titles,759,759,71,0,"['Movies & TV', 'Studio Specials', '20th Century Fox Home Entertainment', 'All Fox Titles']",[],0,[]
159,Action,0,301,71,1,"['Movies & TV', 'Studio Specials', '20th Century Fox Home Entertainment', 'Action']",[160],0,[]
160,General,301,301,159,0,"['Movies & TV', 'Studio Specials', '20th Century Fox Home Entertainment', 'Action', 'General']",[],0,[]
161,Drama,19,19,92,0,"['Movies & TV', 'Art House & International', 'By Country', 'Germany', 'Drama']",[],0,[]
162,MGM Movie Time,2,2,156,0,"['Movies & TV', 'Studio Specials', 'MGM Home Entertainment', 'MGM Movie Time']",[],0,[]
163,MGM Home Entertainment,0,1,1,1,"['Movies & TV', 'MGM Home Entertainment']",[164],0,[]
164,MGM DVDs Under $15,1,1,163,0,"['Movies & TV', 'MGM Home Entertainment', 'MGM DVDs Under $15']",[],0,[]
165,Music & Musicals,11,11,63,0,"['Movies & TV', 'Art House & International', 'By Country', 'United Kingdom', 'Music & Musicals']",[],0,[]
166,Science Fiction,0,86,71,1,"['Movies & TV', 'Studio Specials', '20th Century Fox Home Entertainment', 'Science Fiction']",[167],0,[]
167,General,86,86,166,0,"['Movies & TV', 'Studio Specials', '20th Century Fox Home Entertainment', 'Science Fiction', 'General']",[],0,[]
168,Shakespeare on DVD Store,0,131,1,3,"['Movies & TV', 'Shakespeare on DVD Store']","[169, 471, 598]",0,[]
169,The Works,0,122,168,3,"['Movies & TV', 'Shakespeare on DVD Store', 'The Works']","[170, 197, 310]",0,[]
170,The Histories,17,17,169,0,"['Movies & TV', 'Shakespeare on DVD Store', 'The Works', 'The Histories']",[],0,[]
171,Action & Adventure,38,38,63,0,"['Movies & TV', 'Art House & International', 'By Country', 'United Kingdom', 'Action & Adventure']",[],0,[]
172,Sci Fi Channel,0,13,13,1,"['Movies & TV', 'Studio Specials', 'Sci Fi Channel']",[173],0,[]
173,All Sci Fi Channel Shows,13,13,172,0,"['Movies & TV', 'Studio Specials', 'Sci Fi Channel', 'All Sci Fi Channel Shows']",[],0,[]
174,Foreign Films,309,309,3,0,"['Movies & TV', 'Genre for Featured Categories', 'Foreign Films']",[],0,[]
175,Fox TV,0,279,71,1,"['Movies & TV', 'Studio Specials', '20th Century Fox Home Entertainment', 'Fox TV']",[176],0,[]
176,General,279,279,175,0,"['Movies & TV', 'Studio Specials', '20th Century Fox Home Entertainment', 'Fox TV', 'General']",[],0,[]
177,Star Wars,4,4,30,0,"['Movies & TV', 'Science Fiction & Fantasy', 'Science Fiction', 'Star Wars']",[],0,[]
178,Comedy,17,17,143,0,"['Movies & TV', 'Holidays & Seasonal', 'Christmas', 'Comedy']",[],0,[]
179,Biography,1,18,6,6,"['Movies & TV', 'Christian Video', 'Biography']","[247, 324, 397, 409, 419, 428]",0,[]
180,Christmas,5,5,6,0,"['Movies & TV', 'Christian Video', 'Christmas']",[],0,[]
181,Jane Austen on DVD Store,0,3,1,1,"['Movies & TV', 'Jane Austen on DVD Store']",[182],0,[]
182,All Titles,3,3,181,0,"['Movies & TV', 'Jane Austen on DVD Store', 'All Titles']",[],0,[]
183,Musicals & Performing Arts,121,121,16,0,"['Movies & TV', 'Independently Distributed', 'Musicals & Performing Arts']",[],0,[]
184,Action & Adventure,425,425,16,0,"['Movies & TV', 'Independently Distributed', 'Action & Adventure']",[],0,[]
185,Polish,18,18,10,0,"['Movies & TV', 'Art House & International', 'By Original Language', 'Polish']",[],0,[]
186,Jesus,6,6,6,0,"['Movies & TV', 'Christian Video', 'Jesus']",[],0,[]
187,Military & War,40,40,3,0,"['Movies & TV', 'Genre for Featured Categories', 'Military & War']",[],0,[]
188,Sports,147,147,16,0,"['Movies & TV', 'Independently Distributed', 'Sports']",[],0,[]
189,Cirque du Soleil,4,4,27,0,"['Movies & TV', 'Studio Specials', 'Sony Pictures Home Entertainment', 'Cirque du Soleil']",[],0,[]
190,Horror,69,69,16,0,"['Movies & TV', 'Independently Distributed', 'Horror']",[],0,[]
191,Comedy,435,435,16,0,"['Movies & TV', 'Independently Distributed', 'Comedy']",[],0,[]
192,DTS,446,446,19,0,"['Movies & TV', 'Fully Loaded DVDs', 'DTS']",[],0,[]
193,Animation,112,176,1,5,"['Movies & TV', 'Animation']","[194, 206, 290, 407, 499]",0,[]
194,Computer Animation,16,16,193,0,"['Movies & TV', 'Animation', 'Computer Animation']",[],0,[]
195,Special Interests,528,528,16,0,"['Movies & TV', 'Independently Distributed', 'Special Interests']",[],0,[]
196,Pre & Post Natal,5,5,60,0,"['Movies & TV', 'Yoga', 'Pre & Post Natal']",[],0,[]
197,The Tragedies,80,80,169,0,"['Movies & TV', 'Shakespeare on DVD Store', 'The Works', 'The Tragedies']",[],0,[]
198,Birth-2 Years,7,7,1,0,"['Movies & TV', 'Birth-2 Years']",[],0,[]
199,German,202,202,10,0,"['Movies & TV', 'Art House & International', 'By Original Language', 'German']",[],0,[]
200,Horror,62,62,54,0,"['Movies & TV', 'Cult Movies', 'Horror']",[],0,[]
201,Science Fiction,168,168,3,0,"['Movies & TV', 'Genre for Featured Categories', 'Science Fiction']",[],0,[]
202,"Jackson, Michael",12,12,47,0,"['Movies & TV', 'Music Artists', 'Jackson, Michael']",[],0,[]
203,Boxed Sets,17,17,111,0,"['Movies & TV', 'Paramount Home Entertainment', 'Boxed Sets']",[],0,[]
204,All Titles,211,211,134,0,"['Movies & TV', 'Studio Specials', 'Miramax Home Entertainment', 'All Titles']",[],0,[]
205,Opera,88,88,24,0,"['Movies & TV', 'Musicals & Performing Arts', 'Opera']",[],0,[]
206,Feature Films,19,19,193,0,"['Movies & TV', 'Animation', 'Feature Films']",[],0,[]
207,Comedy,10,10,82,0,"['Movies & TV', 'Art House & International', 'By Country', 'Japan', 'Comedy']",[],0,[]
208,History,4,4,80,0,"['Movies & TV', 'Boxed Sets', 'Special Interests', 'History']",[],0,[]
209,Anime,1,1,52,0,"['Movies & TV', 'Widescreen', 'Anime']",[],0,[]
210,French New Wave,20,20,88,0,"['Movies & TV', 'Art House & International', 'By Country', 'France', 'French New Wave']",[],0,[]
211,Mexico,117,117,62,0,"['Movies & TV', 'Art House & International', 'By Country', 'Mexico']",[],0,[]
212,Indie & Art House,103,103,1,0,"['Movies & TV', 'Indie & Art House']",[],0,[]
213,Comedy,31,31,88,0,"['Movies & TV', 'Art House & International', 'By Country', 'France', 'Comedy']",[],0,[]
214,Brazil,7,7,62,0,"['Movies & TV', 'Art House & International', 'By Country', 'Brazil']",[],0,[]
215,By Genre,7,91,9,5,"['Movies & TV', 'Art House & International', 'By Genre']","[216, 239, 241, 270, 391]",0,[]
216,LGBT,7,7,215,0,"['Movies & TV', 'Art House & International', 'By Genre', 'LGBT']",[],0,[]
217,Spain,26,26,62,0,"['Movies & TV', 'Art House & International', 'By Country', 'Spain']",[],0,[]
218,Greek,1,1,10,0,"['Movies & TV', 'Art House & International', 'By Original Language', 'Greek']",[],0,[]
219,New Yorker Films,0,61,13,1,"['Movies & TV', 'Studio Specials', 'New Yorker Films']",[220],0,[]
220,All New Yorker Titles,61,61,219,0,"['Movies & TV', 'Studio Specials', 'New Yorker Films', 'All New Yorker Titles']",[],0,[]
221,Classics,64,64,88,0,"['Movies & TV', 'Art House & International', 'By Country', 'France', 'Classics']",[],0,[]
222,Fitness,23,23,96,0,"['Movies & TV', 'Studio Specials', 'Warner Home Video', 'Warner Video Bargains', 'Fitness']",[],0,[]
223,Tai Chi,23,23,60,0,"['Movies & TV', 'Yoga', 'Tai Chi']",[],0,[]
224,Drama,191,191,57,0,"['Movies & TV', 'Boxed Sets', 'Drama']",[],0,[]
225,Animated Cartoons,0,14,131,1,"['Movies & TV', 'Disney Home Video', 'Animated Cartoons']",[226],0,[]
226,All Titles,14,14,225,0,"['Movies & TV', 'Disney Home Video', 'Animated Cartoons', 'All Titles']",[],0,[]
227,Anime,97,97,57,0,"['Movies & TV', 'Boxed Sets', 'Anime']",[],0,[]
228,"Bowie, David",10,10,47,0,"['Movies & TV', 'Music Artists', 'Bowie, David']",[],0,[]
229,Italy,9,61,62,3,"['Movies & TV', 'Art House & International', 'By Country', 'Italy']","[230, 264, 313]",0,[]
230,Drama,13,13,229,0,"['Movies & TV', 'Art House & International', 'By Country', 'Italy', 'Drama']",[],0,[]
231,Jewish Heritage,0,34,1,1,"['Movies & TV', 'Jewish Heritage']",[232],0,[]
232,Holocaust,34,34,231,0,"['Movies & TV', 'Jewish Heritage', 'Holocaust']",[],0,[]
233,"Johnson, Robert",1,1,47,0,"['Movies & TV', 'Music Artists', 'Johnson, Robert']",[],0,[]
234,Wellspring Home Video,0,9,13,3,"['Movies & TV', 'Studio Specials', 'Wellspring Home Video']","[235, 344, 411]",0,[]
235,American Masters Collection,6,6,234,0,"['Movies & TV', 'Studio Specials', 'Wellspring Home Video', 'American Masters Collection']",[],0,[]
236,Horror,21,21,52,0,"['Movies & TV', 'Widescreen', 'Horror']",[],0,[]
237,Full Moon Video,14,14,54,0,"['Movies & TV', 'Cult Movies', 'Full Moon Video']",[],0,[]
238,Comedy,53,53,30,0,"['Movies & TV', 'Science Fiction & Fantasy', 'Science Fiction', 'Comedy']",[],0,[]
239,Action & Adventure,25,25,215,0,"['Movies & TV', 'Art House & International', 'By Genre', 'Action & Adventure']",[],0,[]
240,Drama,14,14,82,0,"['Movies & TV', 'Art House & International', 'By Country', 'Japan', 'Drama']",[],0,[]
241,Mystery & Suspense,30,30,215,0,"['Movies & TV', 'Art House & International', 'By Genre', 'Mystery & Suspense']",[],0,[]
242,Lionsgate DVDs Under $20,9,9,105,0,"['Movies & TV', 'Studio Specials', 'Lionsgate Home Entertainment', 'Lionsgate DVDs Under $20']",[],0,[]
243,TV & Miniseries,5,5,119,0,"['Movies & TV', 'African American Cinema', 'TV & Miniseries']",[],0,[]
244,General,32,32,80,0,"['Movies & TV', 'Boxed Sets', 'Special Interests', 'General']",[],0,[]
245,French,33,33,10,0,"['Movies & TV', 'Art House & International', 'By Original Language', 'French']",[],0,[]
246,"Osbourne, Ozzy",11,11,47,0,"['Movies & TV', 'Music Artists', 'Osbourne, Ozzy']",[],0,[]
247,Moses,3,3,179,0,"['Movies & TV', 'Christian Video', 'Biography', 'Moses']",[],0,[]
248,NOVA,84,84,98,0,"['Movies & TV', 'PBS', 'NOVA']",[],0,[]
249,Eminem,5,5,47,0,"['Movies & TV', 'Music Artists', 'Eminem']",[],0,[]
250,Nature & Wildlife,4,4,80,0,"['Movies & TV', 'Boxed Sets', 'Special Interests', 'Nature & Wildlife']",[],0,[]
251,HD DVD,2,2,1,0,"['Movies & TV', 'HD DVD']",[],0,[]
252,Movies,9,9,45,0,"['Movies & TV', 'Blu-ray', 'Movies']",[],0,[]
253,Educational,2,2,3,0,"['Movies & TV', 'Genre for Featured Categories', 'Educational']",[],0,[]
254,Fantasy,13,13,104,0,"['Movies & TV', 'Art House & International', 'By Country', 'Hong Kong', 'Fantasy']",[],0,[]
255,Fantasy,41,41,3,0,"['Movies & TV', 'Genre for Featured Categories', 'Fantasy']",[],0,[]
256,TV News Programming,1,1,3,0,"['Movies & TV', 'Genre for Featured Categories', 'TV News Programming']",[],0,[]
257,Discovery Channel,5,10,1,1,"['Movies & TV', 'Discovery Channel']",[258],0,[]
258,Channels,0,5,257,1,"['Movies & TV', 'Discovery Channel', 'Channels']",[259],0,[]
259,Discovery Channel,5,5,258,0,"['Movies & TV', 'Discovery Channel', 'Channels', 'Discovery Channel']",[],0,[]
260,Italian,23,23,10,0,"['Movies & TV', 'Art House & International', 'By Original Language', 'Italian']",[],0,[]
261,Chinese,113,113,10,0,"['Movies & TV', 'Art House & International', 'By Original Language', 'Chinese']",[],0,[]
262,"Cash, Johnny",11,11,47,0,"['Movies & TV', 'Music Artists', 'Cash, Johnny']",[],0,[]
263,Classic TV,14,14,1,0,"['Movies & TV', 'Classic TV']",[],0,[]
264,Classics,23,23,229,0,"['Movies & TV', 'Art House & International', 'By Country', 'Italy', 'Classics']",[],0,[]
265,Classics,14,337,1,1,"['Movies & TV', 'Classics']",[266],0,[]
266,Silent Films,232,323,265,7,"['Movies & TV', 'Classics', 'Silent Films']","[267, 268, 300, 408, 413, 462, 466]",0,[]
267,Drama,37,37,266,0,"['Movies & TV', 'Classics', 'Silent Films', 'Drama']",[],0,[]
268,Action & Adventure,11,11,266,0,"['Movies & TV', 'Classics', 'Silent Films', 'Action & Adventure']",[],0,[]
269,Yes,6,6,47,0,"['Movies & TV', 'Music Artists', 'Yes']",[],0,[]
270,Comedy,14,14,215,0,"['Movies & TV', 'Art House & International', 'By Genre', 'Comedy']",[],0,[]
271,Australia & New Zealand,32,32,62,0,"['Movies & TV', 'Art House & International', 'By Country', 'Australia & New Zealand']",[],0,[]
272,Action & Adventure,27,27,54,0,"['Movies & TV', 'Cult Movies', 'Action & Adventure']",[],0,[]
273,Kids & Family,0,51,71,1,"['Movies & TV', 'Studio Specials', '20th Century Fox Home Entertainment', 'Kids & Family']",[274],0,[]
274,Family Features,51,51,273,0,"['Movies & TV', 'Studio Specials', '20th Century Fox Home Entertainment', 'Kids & Family', 'Family Features']",[],0,[]
275,Canada,13,13,62,0,"['Movies & TV', 'Art House & International', 'By Country', 'Canada']",[],0,[]
276,KISS,6,6,47,0,"['Movies & TV', 'Music Artists', 'KISS']",[],0,[]
277,Live Action,0,67,131,3,"['Movies & TV', 'Disney Home Video', 'Live Action']","[278, 297, 381]",0,[]
278,Comedy,50,50,277,0,"['Movies & TV', 'Disney Home Video', 'Live Action', 'Comedy']",[],0,[]
279,Russian,2,2,10,0,"['Movies & TV', 'Art House & International', 'By Original Language', 'Russian']",[],0,[]
280,Animation,5,5,6,0,"['Movies & TV', 'Christian Video', 'Animation']",[],0,[]
281,Dutch,5,5,10,0,"['Movies & TV', 'Art House & International', 'By Original Language', 'Dutch']",[],0,[]
282,"Haggard, Merle",6,6,47,0,"['Movies & TV', 'Music Artists', 'Haggard, Merle']",[],0,[]
283,Music,61,61,6,0,"['Movies & TV', 'Christian Video', 'Music']",[],0,[]
284,India,5,5,62,0,"['Movies & TV', 'Art House & International', 'By Country', 'India']",[],0,[]
285,Kids & Family,2,2,52,0,"['Movies & TV', 'Widescreen', 'Kids & Family']",[],0,[]
286,Russia,33,33,62,0,"['Movies & TV', 'Art House & International', 'By Country', 'Russia']",[],0,[]
287,Roy Orbison,2,2,47,0,"['Movies & TV', 'Music Artists', 'Roy Orbison']",[],0,[]
288,By Instructor,0,51,60,11,"['Movies & TV', 'Yoga', 'By Instructor']","[289, 346, 353, 363, 380, 401, 447, 448, 508, 516, 565]",0,[]
289,Patricia Walden,1,1,288,0,"['Movies & TV', 'Yoga', 'By Instructor', 'Patricia Walden']",[],0,[]
290,By Animator,0,15,193,5,"['Movies & TV', 'Animation', 'By Animator']","[291, 325, 340, 341, 505]",0,[]
291,Ralph Bakshi,4,4,290,0,"['Movies & TV', 'Animation', 'By Animator', 'Ralph Bakshi']",[],0,[]
292,Bon Jovi,8,8,47,0,"['Movies & TV', 'Music Artists', 'Bon Jovi']",[],0,[]
293,Korea,9,9,62,0,"['Movies & TV', 'Art House & International', 'By Country', 'Korea']",[],0,[]
294,Weird Al,3,3,47,0,"['Movies & TV', 'Music Artists', 'Weird Al']",[],0,[]
295,Music Video & Concerts,56,56,16,0,"['Movies & TV', 'Independently Distributed', 'Music Video & Concerts']",[],0,[]
296,Argentina,14,14,62,0,"['Movies & TV', 'Art House & International', 'By Country', 'Argentina']",[],0,[]
297,All Titles,14,14,277,0,"['Movies & TV', 'Disney Home Video', 'Live Action', 'All Titles']",[],0,[]
298,Special Interests,7,7,96,0,"['Movies & TV', 'Studio Specials', 'Warner Home Video', 'Warner Video Bargains', 'Special Interests']",[],0,[]
299,Chile & Peru,5,5,62,0,"['Movies & TV', 'Art House & International', 'By Country', 'Chile & Peru']",[],0,[]
300,Comedy,36,36,266,0,"['Movies & TV', 'Classics', 'Silent Films', 'Comedy']",[],0,[]
301,"Brooks, Garth",1,1,47,0,"['Movies & TV', 'Music Artists', 'Brooks, Garth']",[],0,[]
302,For Seniors,2,2,60,0,"['Movies & TV', 'Yoga', 'For Seniors']",[],0,[]
303,John Lennon,9,9,48,0,"['Movies & TV', 'Music Artists', 'The Beatles', 'John Lennon']",[],0,[]
304,Military & War,2,2,96,0,"['Movies & TV', 'Studio Specials', 'Warner Home Video', 'Warner Video Bargains', 'Military & War']",[],0,[]
305,For the Whole Family,4,4,132,0,"['Movies & TV', 'Disney Home Video', 'By Age', 'For the Whole Family']",[],0,[]
306,Blaxploitation,41,41,54,0,"['Movies & TV', 'Cult Movies', 'Blaxploitation']",[],0,[]
307,Travel,7,7,80,0,"['Movies & TV', 'Boxed Sets', 'Special Interests', 'Travel']",[],0,[]
308,Africa,3,3,62,0,"['Movies & TV', 'Art House & International', 'By Country', 'Africa']",[],0,[]
309,Cuba,11,11,62,0,"['Movies & TV', 'Art House & International', 'By Country', 'Cuba']",[],0,[]
310,The Comedies,25,25,169,0,"['Movies & TV', 'Shakespeare on DVD Store', 'The Works', 'The Comedies']",[],0,[]
311,U2,3,3,47,0,"['Movies & TV', 'Music Artists', 'U2']",[],0,[]
312,Music Video & Concerts,8,8,57,0,"['Movies & TV', 'Boxed Sets', 'Music Video & Concerts']",[],0,[]
313,Comedy,16,16,229,0,"['Movies & TV', 'Art House & International', 'By Country', 'Italy', 'Comedy']",[],0,[]
314,"Hendrix, Jimi",11,11,47,0,"['Movies & TV', 'Music Artists', 'Hendrix, Jimi']",[],0,[]
315,MTV,0,39,1,3,"['Movies & TV', 'MTV']","[316, 549, 580]",0,[]
316,All MTV,24,24,315,0,"['Movies & TV', 'MTV', 'All MTV']",[],0,[]
317,Kids & Family,38,38,57,0,"['Movies & TV', 'Boxed Sets', 'Kids & Family']",[],0,[]
318,Czech Republic & Slovakia,1,1,62,0,"['Movies & TV', 'Art House & International', 'By Country', 'Czech Republic & Slovakia']",[],0,[]
319,Sci-Fi Series & Sequels,0,23,1,4,"['Movies & TV', 'Sci-Fi Series & Sequels']","[320, 362, 398, 432]",0,[]
320,Godzilla,13,13,319,0,"['Movies & TV', 'Sci-Fi Series & Sequels', 'Godzilla']",[],0,[]
321,Comedy,5,5,92,0,"['Movies & TV', 'Art House & International', 'By Country', 'Germany', 'Comedy']",[],0,[]
322,China,11,11,62,0,"['Movies & TV', 'Art House & International', 'By Country', 'China']",[],0,[]
323,7-11 Years,67,67,132,0,"['Movies & TV', 'Disney Home Video', 'By Age', '7-11 Years']",[],0,[]
324,Noah,6,6,179,0,"['Movies & TV', 'Christian Video', 'Biography', 'Noah']",[],0,[]
325,Bruno Bozzetto,1,1,290,0,"['Movies & TV', 'Animation', 'By Animator', 'Bruno Bozzetto']",[],0,[]
326,Genesis,9,9,47,0,"['Movies & TV', 'Music Artists', 'Genesis']",[],0,[]
327,TV Talk Shows,5,5,3,0,"['Movies & TV', 'Genre for Featured Categories', 'TV Talk Shows']",[],0,[]
328,"Collins, Phil",15,15,47,0,"['Movies & TV', 'Music Artists', 'Collins, Phil']",[],0,[]
329,Motley Crue,3,3,47,0,"['Movies & TV', 'Music Artists', 'Motley Crue']",[],0,[]
330,"Reed, Lou",2,2,47,0,"['Movies & TV', 'Music Artists', 'Reed, Lou']",[],0,[]
331,Japanese,32,32,10,0,"['Movies & TV', 'Art House & International', 'By Original Language', 'Japanese']",[],0,[]
332,Westerns,20,20,57,0,"['Movies & TV', 'Boxed Sets', 'Westerns']",[],0,[]
333,Sports,10,10,96,0,"['Movies & TV', 'Studio Specials', 'Warner Home Video', 'Warner Video Bargains', 'Sports']",[],0,[]
334,"Nelson, Willie",13,13,47,0,"['Movies & TV', 'Music Artists', 'Nelson, Willie']",[],0,[]
335,Yoga Studios,0,26,60,3,"['Movies & TV', 'Yoga', 'Yoga Studios']","[336, 460, 569]",0,[]
336,Yoga Journal,6,6,335,0,"['Movies & TV', 'Yoga', 'Yoga Studios', 'Yoga Journal']",[],0,[]
337,Comedy,44,44,54,0,"['Movies & TV', 'Cult Movies', 'Comedy']",[],0,[]
338,Hungarian,7,7,10,0,"['Movies & TV', 'Art House & International', 'By Original Language', 'Hungarian']",[],0,[]
339,"Dylan, Bob",8,8,47,0,"['Movies & TV', 'Music Artists', 'Dylan, Bob']",[],0,[]
340,Mamoru Oshii,7,7,290,0,"['Movies & TV', 'Animation', 'By Animator', 'Mamoru Oshii']",[],0,[]
341,Jan Svankmajer,1,1,290,0,"['Movies & TV', 'Animation', 'By Animator', 'Jan Svankmajer']",[],0,[]
342,Sci-Fi & Fantasy,2,2,52,0,"['Movies & TV', 'Widescreen', 'Sci-Fi & Fantasy']",[],0,[]
343,Sting,6,6,47,0,"['Movies & TV', 'Music Artists', 'Sting']",[],0,[]
344,Asian Cinema,1,1,234,0,"['Movies & TV', 'Studio Specials', 'Wellspring Home Video', 'Asian Cinema']",[],0,[]
345,Turkey,2,2,62,0,"['Movies & TV', 'Art House & International', 'By Country', 'Turkey']",[],0,[]
346,Lilias Folan,6,6,288,0,"['Movies & TV', 'Yoga', 'By Instructor', 'Lilias Folan']",[],0,[]
347,Art House & International,13,13,52,0,"['Movies & TV', 'Widescreen', 'Art House & International']",[],0,[]
348,General,3,3,76,0,"['Movies & TV', 'Spanish Language', 'Infantil y familiar', 'General']",[],0,[]
349,Fitness,44,44,80,0,"['Movies & TV', 'Boxed Sets', 'Special Interests', 'Fitness']",[],0,[]
350,Poland,19,19,62,0,"['Movies & TV', 'Art House & International', 'By Country', 'Poland']",[],0,[]
351,Health,4,4,80,0,"['Movies & TV', 'Boxed Sets', 'Special Interests', 'Health']",[],0,[]
352,Breakthrough Cinema,1,1,119,0,"['Movies & TV', 'African American Cinema', 'Breakthrough Cinema']",[],0,[]
353,Other Instructors,2,2,288,0,"['Movies & TV', 'Yoga', 'By Instructor', 'Other Instructors']",[],0,[]
354,Middle East,24,24,62,0,"['Movies & TV', 'Art House & International', 'By Country', 'Middle East']",[],0,[]
355,Mystery,2,2,96,0,"['Movies & TV', 'Studio Specials', 'Warner Home Video', 'Warner Video Bargains', 'Mystery']",[],0,[]
356,ABC TV Shows,1,1,13,0,"['Movies & TV', 'Studio Specials', 'ABC TV Shows']",[],0,[]
357,Iceland,2,2,62,0,"['Movies & TV', 'Art House & International', 'By Country', 'Iceland']",[],0,[]
358,Comedy,41,41,104,0,"['Movies & TV', 'Art House & International', 'By Country', 'Hong Kong', 'Comedy']",[],0,[]
359,"Turner, Tina",5,5,47,0,"['Movies & TV', 'Music Artists', 'Turner, Tina']",[],0,[]
360,"Holiday, Billie",1,1,47,0,"['Movies & TV', 'Music Artists', 'Holiday, Billie']",[],0,[]
361,Drama,14,14,52,0,"['Movies & TV', 'Widescreen', 'Drama']",[],0,[]
362,X-Men,8,8,319,0,"['Movies & TV', 'Sci-Fi Series & Sequels', 'X-Men']",[],0,[]
363,Molly Fox,2,2,288,0,"['Movies & TV', 'Yoga', 'By Instructor', 'Molly Fox']",[],0,[]
364,The Blues Brothers,3,3,47,0,"['Movies & TV', 'Music Artists', 'The Blues Brothers']",[],0,[]
365,Drama,4,4,75,0,"['Movies & TV', 'Spanish Language', 'Drama']",[],0,[]
366,All Disney Titles,8,8,131,0,"['Movies & TV', 'Disney Home Video', 'All Disney Titles']",[],0,[]
367,Sports,32,32,57,0,"['Movies & TV', 'Boxed Sets', 'Sports']",[],0,[]
368,"Marley, Bob",5,5,47,0,"['Movies & TV', 'Music Artists', 'Marley, Bob']",[],0,[]
369,Prison,12,12,54,0,"['Movies & TV', 'Cult Movies', 'Prison']",[],0,[]
370,Spanish-Language,1,1,131,0,"['Movies & TV', 'Disney Home Video', 'Spanish-Language']",[],0,[]
371,Hungary,9,9,62,0,"['Movies & TV', 'Art House & International', 'By Country', 'Hungary']",[],0,[]
372,"Borge, Victor",7,7,47,0,"['Movies & TV', 'Music Artists', 'Borge, Victor']",[],0,[]
373,Horror,28,28,57,0,"['Movies & TV', 'Boxed Sets', 'Horror']",[],0,[]
374,Taiwan,13,13,62,0,"['Movies & TV', 'Art House & International', 'By Country', 'Taiwan']",[],0,[]
375,Cops & Triads,6,6,104,0,"['Movies & TV', 'Art House & International', 'By Country', 'Hong Kong', 'Cops & Triads']",[],0,[]
376,Aerosmith,4,4,47,0,"['Movies & TV', 'Music Artists', 'Aerosmith']",[],0,[]
377,Documentary,3,3,52,0,"['Movies & TV', 'Widescreen', 'Documentary']",[],0,[]
378,7-9 Years,18,18,1,0,"['Movies & TV', '7-9 Years']",[],0,[]
379,LGBT,32,32,3,0,"['Movies & TV', 'Genre for Featured Categories', 'LGBT']",[],0,[]
380,Priscilla Patrick,1,1,288,0,"['Movies & TV', 'Yoga', 'By Instructor', 'Priscilla Patrick']",[],0,[]
381,Adventures,3,3,277,0,"['Movies & TV', 'Disney Home Video', 'Live Action', 'Adventures']",[],0,[]
382,LGBT,8,8,63,0,"['Movies & TV', 'Art House & International', 'By Country', 'United Kingdom', 'LGBT']",[],0,[]
383,Comedy,10,10,119,0,"['Movies & TV', 'African American Cinema', 'Comedy']",[],0,[]
384,Miramax Home Video,0,3,13,2,"['Movies & TV', 'Studio Specials', 'Miramax Home Video']","[385, 418]",0,[]
385,Oscar Collection,2,2,384,0,"['Movies & TV', 'Studio Specials', 'Miramax Home Video', 'Oscar Collection']",[],0,[]
386,"Valli, Frankie",1,1,47,0,"['Movies & TV', 'Music Artists', 'Valli, Frankie']",[],0,[]
387,Military & War,11,11,57,0,"['Movies & TV', 'Boxed Sets', 'Military & War']",[],0,[]
388,Sci-Fi & Fantasy,6,6,57,0,"['Movies & TV', 'Boxed Sets', 'Sci-Fi & Fantasy']",[],0,[]
389,History,4,4,6,0,"['Movies & TV', 'Christian Video', 'History']",[],0,[]
390,Fitness & Yoga,44,44,57,0,"['Movies & TV', 'Boxed Sets', 'Fitness & Yoga']",[],0,[]
391,Documentary,8,8,215,0,"['Movies & TV', 'Art House & International', 'By Genre', 'Documentary']",[],0,[]
392,Czech,9,9,10,0,"['Movies & TV', 'Art House & International', 'By Original Language', 'Czech']",[],0,[]
393,Norwegian,1,1,10,0,"['Movies & TV', 'Art House & International', 'By Original Language', 'Norwegian']",[],0,[]
394,Science Fiction,3,3,96,0,"['Movies & TV', 'Studio Specials', 'Warner Home Video', 'Warner Video Bargains', 'Science Fiction']",[],0,[]
395,Grateful Dead,9,9,47,0,"['Movies & TV', 'Music Artists', 'Grateful Dead']",[],0,[]
396,"Blakey, Art",3,3,47,0,"['Movies & TV', 'Music Artists', 'Blakey, Art']",[],0,[]
397,Pope,3,3,179,0,"['Movies & TV', 'Christian Video', 'Biography', 'Pope']",[],0,[]
398,Alien Saga,1,1,319,0,"['Movies & TV', 'Sci-Fi Series & Sequels', 'Alien Saga']",[],0,[]
399,Princess Collection,2,2,131,0,"['Movies & TV', 'Disney Home Video', 'Princess Collection']",[],0,[]
400,Camp,5,5,54,0,"['Movies & TV', 'Cult Movies', 'Camp']",[],0,[]
401,Rodney Yee,10,10,288,0,"['Movies & TV', 'Yoga', 'By Instructor', 'Rodney Yee']",[],0,[]
402,"Emerson, Lake & Palmer",5,5,47,0,"['Movies & TV', 'Music Artists', 'Emerson, Lake & Palmer']",[],0,[]
403,MGM Screen Epics,1,1,156,0,"['Movies & TV', 'Studio Specials', 'MGM Home Entertainment', 'MGM Screen Epics']",[],0,[]
404,Religion & Spirituality,12,12,80,0,"['Movies & TV', 'Boxed Sets', 'Special Interests', 'Religion & Spirituality']",[],0,[]
405,Swedish,1,1,10,0,"['Movies & TV', 'Art House & International', 'By Original Language', 'Swedish']",[],0,[]
406,Hallmark Home Video,10,10,105,0,"['Movies & TV', 'Studio Specials', 'Lionsgate Home Entertainment', 'Hallmark Home Video']",[],0,[]
407,Stop-Motion & Clay Animation,6,6,193,0,"['Movies & TV', 'Animation', 'Stop-Motion & Clay Animation']",[],0,[]
408,Horror,1,1,266,0,"['Movies & TV', 'Classics', 'Silent Films', 'Horror']",[],0,[]
409,King David,2,2,179,0,"['Movies & TV', 'Christian Video', 'Biography', 'King David']",[],0,[]
410,Riverdance,1,1,47,0,"['Movies & TV', 'Music Artists', 'Riverdance']",[],0,[]
411,World Class Cinema,2,2,234,0,"['Movies & TV', 'Studio Specials', 'Wellspring Home Video', 'World Class Cinema']",[],0,[]
412,MGM Vintage Classics,2,2,156,0,"['Movies & TV', 'Studio Specials', 'MGM Home Entertainment', 'MGM Vintage Classics']",[],0,[]
413,Kids & Family,2,2,266,0,"['Movies & TV', 'Classics', 'Silent Films', 'Kids & Family']",[],0,[]
414,Action & Adventure,15,15,52,0,"['Movies & TV', 'Widescreen', 'Action & Adventure']",[],0,[]
415,Iran,6,6,62,0,"['Movies & TV', 'Art House & International', 'By Country', 'Iran']",[],0,[]
416,Cine espaol,7,7,75,0,"['Movies & TV', 'Spanish Language', 'Cine espaol']",[],0,[]
417,Miniseries,2,2,1,0,"['Movies & TV', 'Miniseries']",[],0,[]
418,Comedy,1,1,384,0,"['Movies & TV', 'Studio Specials', 'Miramax Home Video', 'Comedy']",[],0,[]
419,Joan of Arc,2,2,179,0,"['Movies & TV', 'Christian Video', 'Biography', 'Joan of Arc']",[],0,[]
420,MGM Western Legends,1,1,156,0,"['Movies & TV', 'Studio Specials', 'MGM Home Entertainment', 'MGM Western Legends']",[],0,[]
421,"King, B.B.",29,29,47,0,"['Movies & TV', 'Music Artists', 'King, B.B.']",[],0,[]
422,CBS News Network,0,1,1,1,"['Movies & TV', 'CBS News Network']",[423],0,[]
423,60 Minutes Store,0,1,422,1,"['Movies & TV', 'CBS News Network', '60 Minutes Store']",[424],0,[]
424,All,1,1,423,0,"['Movies & TV', 'CBS News Network', '60 Minutes Store', 'All']",[],0,[]
425,"Ellington, Duke",11,11,47,0,"['Movies & TV', 'Music Artists', 'Ellington, Duke']",[],0,[]
426,Documentary,9,9,48,0,"['Movies & TV', 'Music Artists', 'The Beatles', 'Documentary']",[],0,[]
427,Space Adventure,7,7,30,0,"['Movies & TV', 'Science Fiction & Fantasy', 'Science Fiction', 'Space Adventure']",[],0,[]
428,Mother Teresa,1,1,179,0,"['Movies & TV', 'Christian Video', 'Biography', 'Mother Teresa']",[],0,[]
429,Santana,7,7,47,0,"['Movies & TV', 'Music Artists', 'Santana']",[],0,[]
430,"Clapton, Eric",10,10,47,0,"['Movies & TV', 'Music Artists', 'Clapton, Eric']",[],0,[]
431,"Shakur, Tupac",7,7,47,0,"['Movies & TV', 'Music Artists', 'Shakur, Tupac']",[],0,[]
432,Men in Black,1,1,319,0,"['Movies & TV', 'Sci-Fi Series & Sequels', 'Men in Black']",[],0,[]
433,Category III,7,7,104,0,"['Movies & TV', 'Art House & International', 'By Country', 'Hong Kong', 'Category III']",[],0,[]
434,Hong Kong Action,2,2,1,0,"['Movies & TV', 'Hong Kong Action']",[],0,[]
435,Carpenters,3,3,47,0,"['Movies & TV', 'Music Artists', 'Carpenters']",[],0,[]
436,Mystery & Suspense,2,2,52,0,"['Movies & TV', 'Widescreen', 'Mystery & Suspense']",[],0,[]
437,Cartoon Network,8,8,1,0,"['Movies & TV', 'Cartoon Network']",[],0,[]
438,"Mingus, Charles",1,1,47,0,"['Movies & TV', 'Music Artists', 'Mingus, Charles']",[],0,[]
439,Yoga,4,4,80,0,"['Movies & TV', 'Boxed Sets', 'Special Interests', 'Yoga']",[],0,[]
440,Comedia,2,2,75,0,"['Movies & TV', 'Spanish Language', 'Comedia']",[],0,[]
441,Documentary,55,55,24,0,"['Movies & TV', 'Musicals & Performing Arts', 'Documentary']",[],0,[]
442,Paul McCartney,14,14,48,0,"['Movies & TV', 'Music Artists', 'The Beatles', 'Paul McCartney']",[],0,[]
443,Monsters & Mutants,55,55,30,0,"['Movies & TV', 'Science Fiction & Fantasy', 'Science Fiction', 'Monsters & Mutants']",[],0,[]
444,"Cooper, Alice",13,13,47,0,"['Movies & TV', 'Music Artists', 'Cooper, Alice']",[],0,[]
445,Dance,2,2,80,0,"['Movies & TV', 'Boxed Sets', 'Special Interests', 'Dance']",[],0,[]
446,The Rolling Stones,4,4,47,0,"['Movies & TV', 'Music Artists', 'The Rolling Stones']",[],0,[]
447,Denise Austin,1,1,288,0,"['Movies & TV', 'Yoga', 'By Instructor', 'Denise Austin']",[],0,[]
448,Wai Lana,12,12,288,0,"['Movies & TV', 'Yoga', 'By Instructor', 'Wai Lana']",[],0,[]
449,Misterio y suspenso,2,2,75,0,"['Movies & TV', 'Spanish Language', 'Misterio y suspenso']",[],0,[]
450,Televison y documentales,1,1,75,0,"['Movies & TV', 'Spanish Language', 'Televison y documentales']",[],0,[]
451,4-for-3 DVD,93,93,1,0,"['Movies & TV', '4-for-3 DVD']",[],0,[]
452,Foreign Spotlight,10,10,134,0,"['Movies & TV', 'Studio Specials', 'Miramax Home Entertainment', 'Foreign Spotlight']",[],0,[]
453,Ciencia ficcin y fantasa,1,1,75,0,"['Movies & TV', 'Spanish Language', 'Ciencia ficcin y fantasa']",[],0,[]
454,The Twilight Zone,0,4,1,1,"['Movies & TV', 'The Twilight Zone']",[455],0,[]
455,Twilight Zone DVDs,4,4,454,0,"['Movies & TV', 'The Twilight Zone', 'Twilight Zone DVDs']",[],0,[]
456,Musicals,53,53,3,0,"['Movies & TV', 'Genre for Featured Categories', 'Musicals']",[],0,[]
457,Live Action,0,7,137,2,"['Movies & TV', 'Walt Disney Studios Home Entertainment', 'Live Action']","[458, 465]",0,[]
458,Adventures,1,1,457,0,"['Movies & TV', 'Walt Disney Studios Home Entertainment', 'Live Action', 'Adventures']",[],0,[]
459,"Twain, Shania",2,2,47,0,"['Movies & TV', 'Music Artists', 'Twain, Shania']",[],0,[]
460,Yoga Zone,14,14,335,0,"['Movies & TV', 'Yoga', 'Yoga Studios', 'Yoga Zone']",[],0,[]
461,Cooking & Beverages,2,2,80,0,"['Movies & TV', 'Boxed Sets', 'Special Interests', 'Cooking & Beverages']",[],0,[]
462,International,1,1,266,0,"['Movies & TV', 'Classics', 'Silent Films', 'International']",[],0,[]
463,N Sync,4,4,47,0,"['Movies & TV', 'Music Artists', 'N Sync']",[],0,[]
464,"Gillespie, Dizzy",7,7,47,0,"['Movies & TV', 'Music Artists', 'Gillespie, Dizzy']",[],0,[]
465,All Titles,6,6,457,0,"['Movies & TV', 'Walt Disney Studios Home Entertainment', 'Live Action', 'All Titles']",[],0,[]
466,Sci-Fi & Fantasy,3,3,266,0,"['Movies & TV', 'Classics', 'Silent Films', 'Sci-Fi & Fantasy']",[],0,[]
467,Focus Features,0,34,13,1,"['Movies & TV', 'Studio Specials', 'Focus Features']",[468],0,[]
468,All Titles,34,34,467,0,"['Movies & TV', 'Studio Specials', 'Focus Features', 'All Titles']",[],0,[]
469,"Martin, Ricky",1,1,47,0,"['Movies & TV', 'Music Artists', 'Martin, Ricky']",[],0,[]
470,"Armstrong, Louis",2,2,47,0,"['Movies & TV', 'Music Artists', 'Armstrong, Louis']",[],0,[]
471,More to Explore,0,8,168,2,"['Movies & TV', 'Shakespeare on DVD Store', 'More to Explore']","[472, 555]",0,[]
472,Collections,2,2,471,0,"['Movies & TV', 'Shakespeare on DVD Store', 'More to Explore', 'Collections']",[],0,[]
473,Made-for-TV Movies,0,47,1,2,"['Movies & TV', 'Made-for-TV Movies']","[474, 621]",0,[]
474,All Made-for-TV Movies,46,46,473,0,"['Movies & TV', 'Made-for-TV Movies', 'All Made-for-TV Movies']",[],0,[]
475,Metallica,5,5,47,0,"['Movies & TV', 'Music Artists', 'Metallica']",[],0,[]
476,Fleetwood Mac,1,1,47,0,"['Movies & TV', 'Music Artists', 'Fleetwood Mac']",[],0,[]
477,Beastie Boys,3,3,47,0,"['Movies & TV', 'Music Artists', 'Beastie Boys']",[],0,[]
478,Olympics,18,18,1,0,"['Movies & TV', 'Olympics']",[],0,[]
479,Wall-E,1,1,144,0,"['Movies & TV', 'Characters & Series', 'Wall-E']",[],0,[]
480,Ultimate Editions,6,6,19,0,"['Movies & TV', 'Fully Loaded DVDs', 'Ultimate Editions']",[],0,[]
481,Arabic,4,4,10,0,"['Movies & TV', 'Art House & International', 'By Original Language', 'Arabic']",[],0,[]
482,"Dion, Celine",3,3,47,0,"['Movies & TV', 'Music Artists', 'Dion, Celine']",[],0,[]
483,Roxy Music,8,8,47,0,"['Movies & TV', 'Music Artists', 'Roxy Music']",[],0,[]
484,Portuguese,1,1,10,0,"['Movies & TV', 'Art House & International', 'By Original Language', 'Portuguese']",[],0,[]
485,The Judds,1,1,47,0,"['Movies & TV', 'Music Artists', 'The Judds']",[],0,[]
486,Backstreet Boys,4,4,47,0,"['Movies & TV', 'Music Artists', 'Backstreet Boys']",[],0,[]
487,"Young, Neil",6,6,47,0,"['Movies & TV', 'Music Artists', 'Young, Neil']",[],0,[]
488,"John, Elton",10,10,47,0,"['Movies & TV', 'Music Artists', 'John, Elton']",[],0,[]
489,Dr. Dre,8,8,47,0,"['Movies & TV', 'Music Artists', 'Dr. Dre']",[],0,[]
490,Science Fiction & Fantasy,4,4,16,0,"['Movies & TV', 'Independently Distributed', 'Science Fiction & Fantasy']",[],0,[]
491,Musicals,2,2,143,0,"['Movies & TV', 'Holidays & Seasonal', 'Christmas', 'Musicals']",[],0,[]
492,Westerns,6,6,52,0,"['Movies & TV', 'Widescreen', 'Westerns']",[],0,[]
493,Timeless Holiday Favorites,4,4,143,0,"['Movies & TV', 'Holidays & Seasonal', 'Christmas', 'Timeless Holiday Favorites']",[],0,[]
494,Egypt,4,4,62,0,"['Movies & TV', 'Art House & International', 'By Country', 'Egypt']",[],0,[]
495,MGM Soul Cinema,2,2,156,0,"['Movies & TV', 'Studio Specials', 'MGM Home Entertainment', 'MGM Soul Cinema']",[],0,[]
496,"Rock, Chris",7,7,47,0,"['Movies & TV', 'Music Artists', 'Rock, Chris']",[],0,[]
497,"Rich, Buddy",5,5,47,0,"['Movies & TV', 'Music Artists', 'Rich, Buddy']",[],0,[]
498,Scooby Doo,13,25,144,2,"['Movies & TV', 'Characters & Series', 'Scooby Doo']","[566, 572]",0,[]
499,International,8,8,193,0,"['Movies & TV', 'Animation', 'International']",[],0,[]
500,Persian (Farsi),2,2,10,0,"['Movies & TV', 'Art House & International', 'By Original Language', 'Persian (Farsi)']",[],0,[]
501,James Bond,0,4,1,2,"['Movies & TV', 'James Bond']","[502, 524]",0,[]
502,Collections & Documentaries,2,2,501,0,"['Movies & TV', 'James Bond', 'Collections & Documentaries']",[],0,[]
503,Exploitation,4,4,54,0,"['Movies & TV', 'Cult Movies', 'Exploitation']",[],0,[]
504,Madonna,6,6,47,0,"['Movies & TV', 'Music Artists', 'Madonna']",[],0,[]
505,Zagreb School,2,2,290,0,"['Movies & TV', 'Animation', 'By Animator', 'Zagreb School']",[],0,[]
506,"Crow, Sheryl",2,2,47,0,"['Movies & TV', 'Music Artists', 'Crow, Sheryl']",[],0,[]
507,Deportes,2,2,75,0,"['Movies & TV', 'Spanish Language', 'Deportes']",[],0,[]
508,Suzanne Deason,8,8,288,0,"['Movies & TV', 'Yoga', 'By Instructor', 'Suzanne Deason']",[],0,[]
509,Horror,0,14,71,1,"['Movies & TV', 'Studio Specials', '20th Century Fox Home Entertainment', 'Horror']",[510],0,[]
510,General,14,14,509,0,"['Movies & TV', 'Studio Specials', '20th Century Fox Home Entertainment', 'Horror', 'General']",[],0,[]
511,A&E Original Movies,6,6,67,0,"['Movies & TV', 'A&E Home Video', 'A&E Original Movies']",[],0,[]
512,TV Series,16,16,1,0,"['Movies & TV', 'TV Series']",[],0,[]
513,"Carter, Aaron",2,2,47,0,"['Movies & TV', 'Music Artists', 'Carter, Aaron']",[],0,[]
514,Docurama,0,33,1,9,"['Movies & TV', 'Docurama']","[515, 548, 550, 552, 567, 568, 576, 578, 596]",0,[]
515,Politics,4,4,514,0,"['Movies & TV', 'Docurama', 'Politics']",[],0,[]
516,Linda Arkin,2,2,288,0,"['Movies & TV', 'Yoga', 'By Instructor', 'Linda Arkin']",[],0,[]
517,"Matthews, Dave",2,2,47,0,"['Movies & TV', 'Music Artists', 'Matthews, Dave']",[],0,[]
518,New Line Platinum Series,8,8,19,0,"['Movies & TV', 'Fully Loaded DVDs', 'New Line Platinum Series']",[],0,[]
519,DreamWorks,2,2,13,0,"['Movies & TV', 'Studio Specials', 'DreamWorks']",[],0,[]
520,Queen,5,5,47,0,"['Movies & TV', 'Music Artists', 'Queen']",[],0,[]
521,"Rieu, Andre",4,4,47,0,"['Movies & TV', 'Music Artists', 'Rieu, Andre']",[],0,[]
522,The Who,2,2,47,0,"['Movies & TV', 'Music Artists', 'The Who']",[],0,[]
523,"McLachlan, Sarah",4,4,47,0,"['Movies & TV', 'Music Artists', 'McLachlan, Sarah']",[],0,[]
524,Roger Moore,2,2,501,0,"['Movies & TV', 'James Bond', 'Roger Moore']",[],0,[]
525,The Doors,2,2,47,0,"['Movies & TV', 'Music Artists', 'The Doors']",[],0,[]
526,"Jones, George",4,4,47,0,"['Movies & TV', 'Music Artists', 'Jones, George']",[],0,[]
527,Broadway,0,91,1,3,"['Movies & TV', 'Broadway']","[528, 603, 617]",0,[]
528,Broadway Theatre Archive,88,88,527,0,"['Movies & TV', 'Broadway', 'Broadway Theatre Archive']",[],0,[]
529,Eagles,2,2,47,0,"['Movies & TV', 'Music Artists', 'Eagles']",[],0,[]
530,"Estefan, Gloria",6,6,47,0,"['Movies & TV', 'Music Artists', 'Estefan, Gloria']",[],0,[]
531,Showtime,0,6,1,1,"['Movies & TV', 'Showtime']",[532],0,[]
532,All Showtime Titles,6,6,531,0,"['Movies & TV', 'Showtime', 'All Showtime Titles']",[],0,[]
533,"Aguilera, Christina",6,6,47,0,"['Movies & TV', 'Music Artists', 'Aguilera, Christina']",[],0,[]
534,"Metheny, Pat",2,2,47,0,"['Movies & TV', 'Music Artists', 'Metheny, Pat']",[],0,[]
535,Talking Heads,2,2,47,0,"['Movies & TV', 'Music Artists', 'Talking Heads']",[],0,[]
536,First to Know,0,68,1,2,"['Movies & TV', 'First to Know']","[537, 541]",0,[]
537,Movies,22,22,536,0,"['Movies & TV', 'First to Know', 'Movies']",[],0,[]
538,Infinifilm Edition,4,4,19,0,"['Movies & TV', 'Fully Loaded DVDs', 'Infinifilm Edition']",[],0,[]
539,Harry Potter,0,6,144,4,"['Movies & TV', 'Characters & Series', 'Harry Potter']","[540, 545, 604, 618]",0,[]
540,Harry Potter and the Prisoner of Azkaban,2,2,539,0,"['Movies & TV', 'Characters & Series', 'Harry Potter', 'Harry Potter and the Prisoner of Azkaban']",[],0,[]
541,Television,46,46,536,0,"['Movies & TV', 'First to Know', 'Television']",[],0,[]
542,Reality TV,3,3,3,0,"['Movies & TV', 'Genre for Featured Categories', 'Reality TV']",[],0,[]
543,Extended Editions,2,2,19,0,"['Movies & TV', 'Fully Loaded DVDs', 'Extended Editions']",[],0,[]
544,Shrek,2,2,144,0,"['Movies & TV', 'Characters & Series', 'Shrek']",[],0,[]
545,Harry Potter and the Order of the Phoenix,2,2,539,0,"['Movies & TV', 'Characters & Series', 'Harry Potter', 'Harry Potter and the Order of the Phoenix']",[],0,[]
546,Biography,2,2,69,0,"['Movies & TV', 'Studio Specials', 'Sony Pictures Home Entertainment', 'Sony Pictures Classics', 'Biography']",[],0,[]
547,Classics Kids Love,4,4,143,0,"['Movies & TV', 'Holidays & Seasonal', 'Christmas', 'Classics Kids Love']",[],0,[]
548,Science & Technology,2,2,514,0,"['Movies & TV', 'Docurama', 'Science & Technology']",[],0,[]
549,Reality TV,11,11,315,0,"['Movies & TV', 'MTV', 'Reality TV']",[],0,[]
550,Art & Artists,3,3,514,0,"['Movies & TV', 'Docurama', 'Art & Artists']",[],0,[]
551,Independently Distributed,162,162,24,0,"['Movies & TV', 'Musicals & Performing Arts', 'Independently Distributed']",[],0,[]
552,History,12,12,514,0,"['Movies & TV', 'Docurama', 'History']",[],0,[]
553,Godsmack,6,6,47,0,"['Movies & TV', 'Music Artists', 'Godsmack']",[],0,[]
554,Bee Gees,4,4,47,0,"['Movies & TV', 'Music Artists', 'Bee Gees']",[],0,[]
555,Modern Adaptations,6,6,471,0,"['Movies & TV', 'Shakespeare on DVD Store', 'More to Explore', 'Modern Adaptations']",[],0,[]
556,Critic's Choice,2,2,71,0,"['Movies & TV', 'Studio Specials', '20th Century Fox Home Entertainment', ""Critic's Choice""]",[],0,[]
557,Comedy,2,2,69,0,"['Movies & TV', 'Studio Specials', 'Sony Pictures Home Entertainment', 'Sony Pictures Classics', 'Comedy']",[],0,[]
558,"Davis, Miles",3,3,47,0,"['Movies & TV', 'Music Artists', 'Davis, Miles']",[],0,[]
559,"Spears, Britney",2,2,47,0,"['Movies & TV', 'Music Artists', 'Spears, Britney']",[],0,[]
560,"Basie, Count",6,6,47,0,"['Movies & TV', 'Music Artists', 'Basie, Count']",[],0,[]
561,Tool,2,2,47,0,"['Movies & TV', 'Music Artists', 'Tool']",[],0,[]
562,Comedy,9,9,14,0,"['Movies & TV', 'Studio Specials', 'Warner Home Video', 'Comedy']",[],0,[]
563,Musicals & Performing Arts,2,2,57,0,"['Movies & TV', 'Boxed Sets', 'Musicals & Performing Arts']",[],0,[]
564,Iron Maiden,2,2,47,0,"['Movies & TV', 'Music Artists', 'Iron Maiden']",[],0,[]
565,Bryan Kest,6,6,288,0,"['Movies & TV', 'Yoga', 'By Instructor', 'Bryan Kest']",[],0,[]
566,Scooby Doo Animated Movies,10,10,498,0,"['Movies & TV', 'Characters & Series', 'Scooby Doo', 'Scooby Doo Animated Movies']",[],0,[]
567,Comedy,2,2,514,0,"['Movies & TV', 'Docurama', 'Comedy']",[],0,[]
568,Sports,2,2,514,0,"['Movies & TV', 'Docurama', 'Sports']",[],0,[]
569,Gaiam,6,6,335,0,"['Movies & TV', 'Yoga', 'Yoga Studios', 'Gaiam']",[],0,[]
570,Sundance Channel Home Entertainment,0,24,13,1,"['Movies & TV', 'Studio Specials', 'Sundance Channel Home Entertainment']",[571],0,[]
571,All Sundance Titles,24,24,570,0,"['Movies & TV', 'Studio Specials', 'Sundance Channel Home Entertainment', 'All Sundance Titles']",[],0,[]
572,Scooby Doo Live Action Movies,2,2,498,0,"['Movies & TV', 'Characters & Series', 'Scooby Doo', 'Scooby Doo Live Action Movies']",[],0,[]
573,"Denver, John",4,4,47,0,"['Movies & TV', 'Music Artists', 'Denver, John']",[],0,[]
574,"Coltrane, John",5,5,47,0,"['Movies & TV', 'Music Artists', 'Coltrane, John']",[],0,[]
575,Two-Disc Special Editions,2,2,19,0,"['Movies & TV', 'Fully Loaded DVDs', 'Two-Disc Special Editions']",[],0,[]
576,African American Heritage,4,4,514,0,"['Movies & TV', 'Docurama', 'African American Heritage']",[],0,[]
577,AC/DC,4,4,47,0,"['Movies & TV', 'Music Artists', 'AC/DC']",[],0,[]
578,Film History & Film Making,2,2,514,0,"['Movies & TV', 'Docurama', 'Film History & Film Making']",[],0,[]
579,"Johnson, Jack",2,2,47,0,"['Movies & TV', 'Music Artists', 'Johnson, Jack']",[],0,[]
580,Jackass,4,4,315,0,"['Movies & TV', 'MTV', 'Jackass']",[],0,[]
581,"Joel, Billy",2,2,47,0,"['Movies & TV', 'Music Artists', 'Joel, Billy']",[],0,[]
582,Deep Purple,2,2,47,0,"['Movies & TV', 'Music Artists', 'Deep Purple']",[],0,[]
583,Lionsgate Indie Selects,2,2,105,0,"['Movies & TV', 'Studio Specials', 'Lionsgate Home Entertainment', 'Lionsgate Indie Selects']",[],0,[]
584,"Gabriel, Peter",2,2,47,0,"['Movies & TV', 'Music Artists', 'Gabriel, Peter']",[],0,[]
585,"Waters, Muddy",2,2,47,0,"['Movies & TV', 'Music Artists', 'Waters, Muddy']",[],0,[]
586,Drama,5,5,14,0,"['Movies & TV', 'Studio Specials', 'Warner Home Video', 'Drama']",[],0,[]
587,"Jarrett, Keith",2,2,47,0,"['Movies & TV', 'Music Artists', 'Jarrett, Keith']",[],0,[]
588,Pink Floyd,4,4,47,0,"['Movies & TV', 'Music Artists', 'Pink Floyd']",[],0,[]
589,FX,0,2,1,1,"['Movies & TV', 'FX']",[590],0,[]
590,All FX Shows,2,2,589,0,"['Movies & TV', 'FX', 'All FX Shows']",[],0,[]
591,Tweens,2,2,1,0,"['Movies & TV', 'Tweens']",[],0,[]
592,ABBA,3,3,47,0,"['Movies & TV', 'Music Artists', 'ABBA']",[],0,[]
593,Buena Vista Social Club,2,2,47,0,"['Movies & TV', 'Music Artists', 'Buena Vista Social Club']",[],0,[]
594,Documentary,3,3,69,0,"['Movies & TV', 'Studio Specials', 'Sony Pictures Home Entertainment', 'Sony Pictures Classics', 'Documentary']",[],0,[]
595,Pirates of the Caribbean,2,2,1,0,"['Movies & TV', 'Pirates of the Caribbean']",[],0,[]
596,Military & War,2,2,514,0,"['Movies & TV', 'Docurama', 'Military & War']",[],0,[]
597,Inspirational,3,3,143,0,"['Movies & TV', 'Holidays & Seasonal', 'Christmas', 'Inspirational']",[],0,[]
598,Shakespeare 101,0,1,168,1,"['Movies & TV', 'Shakespeare on DVD Store', 'Shakespeare 101']",[599],0,[]
599,Biographies,1,1,598,0,"['Movies & TV', 'Shakespeare on DVD Store', 'Shakespeare 101', 'Biographies']",[],0,[]
600,Educational,1,1,76,0,"['Movies & TV', 'Spanish Language', 'Infantil y familiar', 'Educational']",[],0,[]
601,Hanna-Barbera,1,1,1,0,"['Movies & TV', 'Hanna-Barbera']",[],0,[]
602,MOD CreateSpace Video,4,4,1,0,"['Movies & TV', 'MOD CreateSpace Video']",[],0,[]
603,Musicals,2,2,527,0,"['Movies & TV', 'Broadway', 'Musicals']",[],0,[]
604,Harry Potter and the Sorcerer's Stone,1,1,539,0,"['Movies & TV', 'Characters & Series', 'Harry Potter', ""Harry Potter and the Sorcerer's Stone""]",[],0,[]
605,Dance & Music,1,1,69,0,"['Movies & TV', 'Studio Specials', 'Sony Pictures Home Entertainment', 'Sony Pictures Classics', 'Dance & Music']",[],0,[]
606,The Comedy Central Store,0,3,1,3,"['Movies & TV', 'The Comedy Central Store']","[607, 624, 625]",0,[]
607,Comedy Central Roast,1,1,606,0,"['Movies & TV', 'The Comedy Central Store', 'Comedy Central Roast']",[],0,[]
608,Religion & Spirituality,1,1,57,0,"['Movies & TV', 'Boxed Sets', 'Religion & Spirituality']",[],0,[]
609,TV Game Shows,1,1,3,0,"['Movies & TV', 'Genre for Featured Categories', 'TV Game Shows']",[],0,[]
610,Westerns,2,2,71,0,"['Movies & TV', 'Studio Specials', '20th Century Fox Home Entertainment', 'Westerns']",[],0,[]
611,Snoop Dogg,1,1,47,0,"['Movies & TV', 'Music Artists', 'Snoop Dogg']",[],0,[]
612,British Cult Television,1,1,67,0,"['Movies & TV', 'A&E Home Video', 'British Cult Television']",[],0,[]
613,"Jackson, Janet",1,1,47,0,"['Movies & TV', 'Music Artists', 'Jackson, Janet']",[],0,[]
614,Romantic,1,1,143,0,"['Movies & TV', 'Holidays & Seasonal', 'Christmas', 'Romantic']",[],0,[]
615,WGBH Boston,1,1,1,0,"['Movies & TV', 'WGBH Boston']",[],0,[]
616,Subversive Cinema,1,1,54,0,"['Movies & TV', 'Cult Movies', 'Subversive Cinema']",[],0,[]
617,Broadway's Lost Treasures,1,1,527,0,"['Movies & TV', 'Broadway', ""Broadway's Lost Treasures""]",[],0,[]
618,Box Sets,1,1,539,0,"['Movies & TV', 'Characters & Series', 'Harry Potter', 'Box Sets']",[],0,[]
619,Biography,0,9,67,1,"['Movies & TV', 'A&E Home Video', 'Biography']",[620],0,[]
620,All Titles,9,9,619,0,"['Movies & TV', 'A&E Home Video', 'Biography', 'All Titles']",[],0,[]
621,Lifetime Original Movies,1,1,473,0,"['Movies & TV', 'Made-for-TV Movies', 'Lifetime Original Movies']",[],0,[]
622,Terminator,0,1,1,1,"['Movies & TV', 'Terminator']",[623],0,[]
623,All Terminator,1,1,622,0,"['Movies & TV', 'Terminator', 'All Terminator']",[],0,[]
624,Other,1,1,606,0,"['Movies & TV', 'The Comedy Central Store', 'Other']",[],0,[]
625,Stand Up,1,1,606,0,"['Movies & TV', 'The Comedy Central Store', 'Stand Up']",[],0,[]
626,Television,1,1,14,0,"['Movies & TV', 'Studio Specials', 'Warner Home Video', 'Television']",[],0,[]
